[
  {
    "school_name": "state central",
    "name": "alyce fischer",
    "score": 995,
    "class_name": 1
  },
  {
    "school_name": "Sydney Girls High School",
    "name": "Lara Walls",
    "score": 709,
    "class_name": 4
  },
  {
    "school_name": "Fort Street High School",
    "name": "Jenifer Mills",
    "score": 55,
    "class_name": "Prep"
  },
  {
    "school_name": "Penrith High School",
    "name": "Carson Wolf",
    "score": 75,
    "class_name": 3
  },
  {
    "school_name": "Brsibane High",
    "name": "Andrea Hooper",
    "score": 130,
    "class_name": 3
  },
  {
    "school_name": "Penrith High School",
    "name": "Andrews Cross",
    "score": 654,
    "class_name": 4
  },
  {
    "school_name": "Penrith High School",
    "name": "Elnora Mann",
    "score": 770,
    "class_name": 2
  },
  {
    "school_name": "Caringbah High School",
    "name": "Hopkins Herman",
    "score": 478,
    "class_name": "Prep"
  },
  {
    "school_name": "State High School",
    "name": "Winnie Ingram",
    "score": 225,
    "class_name": "Prep"
  },
  {
    "school_name": "Bajool State School",
    "name": "Alice Houston",
    "score": 543,
    "class_name": 5
  },
  {
    "school_name": "Baulkham Hills High School",
    "name": "Bennett Franks",
    "score": 866,
    "class_name": 2
  },
  {
    "school_name": "Brsibane High",
    "name": "Mckenzie Butler",
    "score": 344,
    "class_name": 1
  },
  {
    "school_name": "Fort Street High School",
    "name": "Cathy Castillo",
    "score": 348,
    "class_name": "Prep"
  },
  {
    "school_name": "Fort Street High School",
    "name": "Russell Aguirre",
    "score": 611,
    "class_name": 2
  },
  {
    "school_name": "Caringbah High School",
    "name": "Loraine Arnold",
    "score": 218,
    "class_name": 5
  },
  {
    "school_name": "Fort Street High School",
    "name": "Cindy Kennedy",
    "score": 583,
    "class_name": "Prep"
  },
  {
    "school_name": "Caringbah High School",
    "name": "Stephanie Strickland",
    "score": 519,
    "class_name": 5
  },
  {
    "school_name": "The Scots College",
    "name": "Darla Hickman",
    "score": 318,
    "class_name": 1
  },
  {
    "school_name": "State High School",
    "name": "Janette Owen",
    "score": 121,
    "class_name": 2
  },
  {
    "school_name": "Fort Street High School",
    "name": "Browning Silva",
    "score": 764,
    "class_name": 3
  },
  {
    "school_name": "Varsity Collage",
    "name": "Abbott Cantu",
    "score": 521,
    "class_name": 3
  },
  {
    "school_name": "Brsibane High",
    "name": "Shawna Morton",
    "score": 251,
    "class_name": 5
  },
  {
    "school_name": "Perth Modern School",
    "name": "Grace Cherry",
    "score": 467,
    "class_name": 3
  },
  {
    "school_name": "The Scots College",
    "name": "Stephens Bush",
    "score": 974,
    "class_name": 1
  },
  {
    "school_name": "Varsity Collage",
    "name": "Slater Mcconnell",
    "score": 231,
    "class_name": 1
  },
  {
    "school_name": "state central",
    "name": "Nichole Shaw",
    "score": 346,
    "class_name": 1
  },
  {
    "school_name": "State High School",
    "name": "Guadalupe Ruiz",
    "score": 603,
    "class_name": 1
  },
  {
    "school_name": "state central",
    "name": "Luann Blanchard",
    "score": 545,
    "class_name": "Prep"
  },
  {
    "school_name": "Varsity Collage",
    "name": "Amy Scott",
    "score": 674,
    "class_name": 1
  },
  {
    "school_name": "state central",
    "name": "Marcia Lang",
    "score": 689,
    "class_name": 5
  },
  {
    "school_name": "Fort Street High School",
    "name": "Hawkins Crosby",
    "score": 348,
    "class_name": 3
  },
  {
    "school_name": "Penrith High School",
    "name": "Hall Bean",
    "score": 916,
    "class_name": "Prep"
  },
  {
    "school_name": "Brsibane High",
    "name": "Tillman Sargent",
    "score": 904,
    "class_name": 5
  },
  {
    "school_name": "Perth Modern School",
    "name": "Mayer Mason",
    "score": 306,
    "class_name": 4
  },
  {
    "school_name": "Caringbah High School",
    "name": "Agnes Donaldson",
    "score": 592,
    "class_name": 3
  },
  {
    "school_name": "Caringbah High School",
    "name": "Clements Mays",
    "score": 395,
    "class_name": 2
  },
  {
    "school_name": "Bajool State School",
    "name": "Trudy Weber",
    "score": 248,
    "class_name": 5
  },
  {
    "school_name": "Penrith High School",
    "name": "Hampton Keith",
    "score": 339,
    "class_name": 3
  },
  {
    "school_name": "state central",
    "name": "Wiley Oneil",
    "score": 390,
    "class_name": 1
  },
  {
    "school_name": "Bajool State School",
    "name": "Hilda Atkinson",
    "score": 292,
    "class_name": 1
  },
  {
    "school_name": "state central",
    "name": "June Ratliff",
    "score": 571,
    "class_name": 2
  },
  {
    "school_name": "The Scots College",
    "name": "Albert Osborne",
    "score": 345,
    "class_name": 1
  },
  {
    "school_name": "Bajool State School",
    "name": "Neva Harrell",
    "score": 645,
    "class_name": 5
  },
  {
    "school_name": "The Scots College",
    "name": "Burgess Barnett",
    "score": 568,
    "class_name": 3
  },
  {
    "school_name": "Varsity Collage",
    "name": "Maritza Mullins",
    "score": 423,
    "class_name": 4
  },
  {
    "school_name": "Brsibane High",
    "name": "Saunders Rivers",
    "score": 108,
    "class_name": "Prep"
  },
  {
    "school_name": "Caringbah High School",
    "name": "Kelli Hamilton",
    "score": 596,
    "class_name": 3
  },
  {
    "school_name": "state central",
    "name": "Anthony Hendricks",
    "score": 817,
    "class_name": 1
  },
  {
    "school_name": "Baulkham Hills High School",
    "name": "Alberta Sharpe",
    "score": 186,
    "class_name": 5
  },
  {
    "school_name": "Bajool State School",
    "name": "Washington Gross",
    "score": 599,
    "class_name": 1
  },
  {
    "school_name": "Bajool State School",
    "name": "Castillo Nieves",
    "score": 612,
    "class_name": 2
  },
  {
    "school_name": "Fort Street High School",
    "name": "Maricela Hewitt",
    "score": 722,
    "class_name": "Prep"
  },
  {
    "school_name": "state central",
    "name": "Lessie Harrison",
    "score": 934,
    "class_name": 3
  },
  {
    "school_name": "Sydney Girls High School",
    "name": "Imogene Gilmore",
    "score": 834,
    "class_name": 5
  },
  {
    "school_name": "Baulkham Hills High School",
    "name": "Hogan Paul",
    "score": 865,
    "class_name": 3
  },
  {
    "school_name": "state central",
    "name": "Riddle Rowland",
    "score": 187,
    "class_name": 3
  },
  {
    "school_name": "Baulkham Hills High School",
    "name": "Joseph Rich",
    "score": 140,
    "class_name": 5
  },
  {
    "school_name": "Caringbah High School",
    "name": "Gomez Hughes",
    "score": 352,
    "class_name": 5
  },
  {
    "school_name": "Baulkham Hills High School",
    "name": "Cook Rios",
    "score": 602,
    "class_name": 1
  },
  {
    "school_name": "Varsity Collage",
    "name": "Harmon Stein",
    "score": 190,
    "class_name": 2
  },
  {
    "school_name": "Baulkham Hills High School",
    "name": "Esperanza Anthony",
    "score": 232,
    "class_name": 3
  },
  {
    "school_name": "Bajool State School",
    "name": "Carolyn Cain",
    "score": 328,
    "class_name": 1
  },
  {
    "school_name": "Fort Street High School",
    "name": "Patti Mueller",
    "score": 123,
    "class_name": 3
  },
  {
    "school_name": "state central",
    "name": "Ann Britt",
    "score": 274,
    "class_name": 5
  },
  {
    "school_name": "Baulkham Hills High School",
    "name": "Buck Bruce",
    "score": 363,
    "class_name": 3
  },
  {
    "school_name": "Penrith High School",
    "name": "Bolton Perry",
    "score": 743,
    "class_name": 5
  },
  {
    "school_name": "Perth Modern School",
    "name": "Craig Green",
    "score": 465,
    "class_name": 2
  },
  {
    "school_name": "Baulkham Hills High School",
    "name": "Pittman Nguyen",
    "score": 229,
    "class_name": 3
  },
  {
    "school_name": "State High School",
    "name": "Black Petersen",
    "score": 472,
    "class_name": "Prep"
  },
  {
    "school_name": "State High School",
    "name": "Brewer Cooke",
    "score": 314,
    "class_name": 3
  },
  {
    "school_name": "Brsibane High",
    "name": "Hendrix Swanson",
    "score": 456,
    "class_name": "Prep"
  },
  {
    "school_name": "Brsibane High",
    "name": "Hunt Woods",
    "score": 897,
    "class_name": 4
  },
  {
    "school_name": "Varsity Collage",
    "name": "Chase Horne",
    "score": 424,
    "class_name": 3
  },
  {
    "school_name": "State High School",
    "name": "Judy Kaufman",
    "score": 62,
    "class_name": 4
  },
  {
    "school_name": "Perth Modern School",
    "name": "Reeves Cook",
    "score": 759,
    "class_name": 2
  },
  {
    "school_name": "Perth Modern School",
    "name": "York Pennington",
    "score": 352,
    "class_name": 1
  },
  {
    "school_name": "Caringbah High School",
    "name": "Lynnette Hinton",
    "score": 643,
    "class_name": "Prep"
  },
  {
    "school_name": "Varsity Collage",
    "name": "Glover Le",
    "score": 899,
    "class_name": 3
  },
  {
    "school_name": "state central",
    "name": "Sykes Hyde",
    "score": 295,
    "class_name": 2
  },
  {
    "school_name": "The Scots College",
    "name": "Lynch Kirk",
    "score": 726,
    "class_name": 3
  },
  {
    "school_name": "Bajool State School",
    "name": "Hickman Knowles",
    "score": 929,
    "class_name": 2
  },
  {
    "school_name": "State High School",
    "name": "Deirdre Chen",
    "score": 531,
    "class_name": 5
  },
  {
    "school_name": "Bajool State School",
    "name": "Kramer Holland",
    "score": 80,
    "class_name": 1
  },
  {
    "school_name": "Perth Modern School",
    "name": "Glenda Reilly",
    "score": 728,
    "class_name": 5
  },
  {
    "school_name": "Perth Modern School",
    "name": "Gates Garrison",
    "score": 293,
    "class_name": 2
  },
  {
    "school_name": "The Scots College",
    "name": "Trujillo Rosales",
    "score": 224,
    "class_name": 1
  },
  {
    "school_name": "Perth Modern School",
    "name": "Kayla Mcfarland",
    "score": 472,
    "class_name": 1
  },
  {
    "school_name": "Bajool State School",
    "name": "Sanders Bridges",
    "score": 115,
    "class_name": 1
  },
  {
    "school_name": "Perth Modern School",
    "name": "Lynne Dillard",
    "score": 406,
    "class_name": 3
  },
  {
    "school_name": "Caringbah High School",
    "name": "Stevenson Cleveland",
    "score": 595,
    "class_name": "Prep"
  },
  {
    "school_name": "Sydney Girls High School",
    "name": "Castro Ochoa",
    "score": 804,
    "class_name": 1
  },
  {
    "school_name": "Sydney Girls High School",
    "name": "Bray Ashley",
    "score": 803,
    "class_name": 3
  },
  {
    "school_name": "The Scots College",
    "name": "Parrish Robles",
    "score": 687,
    "class_name": "Prep"
  },
  {
    "school_name": "Fort Street High School",
    "name": "Young Barlow",
    "score": 201,
    "class_name": 1
  },
  {
    "school_name": "Penrith High School",
    "name": "Nona Waller",
    "score": 396,
    "class_name": "Prep"
  },
  {
    "school_name": "State High School",
    "name": "Jaclyn West",
    "score": 475,
    "class_name": 5
  },
  {
    "school_name": "State High School",
    "name": "Chambers French",
    "score": 386,
    "class_name": 4
  },
  {
    "school_name": "Fort Street High School",
    "name": "Morales Blair",
    "score": 77,
    "class_name": 2
  },
  {
    "school_name": "Baulkham Hills High School",
    "name": "Earline Beard",
    "score": 599,
    "class_name": 3
  },
  {
    "school_name": "State High School",
    "name": "Wooten Bauer",
    "score": 731,
    "class_name": 2
  }
]